{"id": 10349, "adj_matrix": [[0, 1, 0, 1, 0, 0, 1, 0, 0, 0], [0, 0, 1, 0, 0, 0, 0, 0, 0, 0], [0, 0, 0, 0, 1, 0, 0, 1, 0, 0], [0, 0, 0, 0, 0, 1, 0, 0, 0, 0], [0, 0, 0, 0, 0, 1, 0, 0, 0, 0], [0, 0, 0, 0, 0, 0, 0, 0, 1, 0], [0, 0, 0, 0, 0, 0, 0, 0, 0, 1], [0, 0, 0, 0, 0, 0, 0, 0, 0, 1], [0, 0, 0, 0, 0, 0, 0, 0, 0, 1], [0, 0, 0, 0, 0, 0, 0, 0, 0, 0]], "operations": ["split_3", "skip_connect", "split_2", "avg_pool_3x3", "nor_conv_1x1", "none", "nor_conv_1x1", "skip_connect", "skip_connect", "output"], "init_channel": 16, "blck_len": 5, "gt_accuracy": 0.878, "pred_accuracy": 0.8530692458152771, "flops": 15.64737, "est_code": [2.1368138790130615, 2.0479114055633545, 2.019914150238037], "est_accuracy": -1, "confidence": 1}