{"id": 10434, "adj_matrix": [[0, 1, 0, 1, 0, 0, 1, 0, 0, 0], [0, 0, 1, 0, 0, 0, 0, 0, 0, 0], [0, 0, 0, 0, 1, 0, 0, 1, 0, 0], [0, 0, 0, 0, 0, 1, 0, 0, 0, 0], [0, 0, 0, 0, 0, 1, 0, 0, 0, 0], [0, 0, 0, 0, 0, 0, 0, 0, 1, 0], [0, 0, 0, 0, 0, 0, 0, 0, 0, 1], [0, 0, 0, 0, 0, 0, 0, 0, 0, 1], [0, 0, 0, 0, 0, 0, 0, 0, 0, 1], [0, 0, 0, 0, 0, 0, 0, 0, 0, 0]], "operations": ["split_3", "zeros", "split_2", "nor_conv_1x1", "zeros", "none", "nor_conv_1x1", "zeros", "skip_connect", "output"], "init_channel": 16, "blck_len": 5, "gt_accuracy": 0.887, "pred_accuracy": 0.7051736116409302, "flops": 15.64737, "est_code": [2.0706067085266113, 1.9152045249938965, 1.8431817293167114], "est_accuracy": -1, "confidence": 1}