{"id": 11070, "adj_matrix": [[0, 1, 0, 1, 0, 0, 1, 0, 0, 0], [0, 0, 1, 0, 0, 0, 0, 0, 0, 0], [0, 0, 0, 0, 1, 0, 0, 1, 0, 0], [0, 0, 0, 0, 0, 1, 0, 0, 0, 0], [0, 0, 0, 0, 0, 1, 0, 0, 0, 0], [0, 0, 0, 0, 0, 0, 0, 0, 1, 0], [0, 0, 0, 0, 0, 0, 0, 0, 0, 1], [0, 0, 0, 0, 0, 0, 0, 0, 0, 1], [0, 0, 0, 0, 0, 0, 0, 0, 0, 1], [0, 0, 0, 0, 0, 0, 0, 0, 0, 0]], "operations": ["split_3", "nor_conv_1x1", "split_2", "nor_conv_3x3", "zeros", "none", "zeros", "nor_conv_1x1", "skip_connect", "output"], "init_channel": 16, "blck_len": 5, "gt_accuracy": 0.9223, "pred_accuracy": 0.8841389417648315, "flops": 51.03681, "est_code": [2.0294792652130127, 1.8405388593673706, 1.7794674634933472], "est_accuracy": -1, "confidence": 1}