{"id": 11104, "adj_matrix": [[0, 1, 0, 1, 0, 0, 1, 0, 0, 0], [0, 0, 1, 0, 0, 0, 0, 0, 0, 0], [0, 0, 0, 0, 1, 0, 0, 1, 0, 0], [0, 0, 0, 0, 0, 1, 0, 0, 0, 0], [0, 0, 0, 0, 0, 1, 0, 0, 0, 0], [0, 0, 0, 0, 0, 0, 0, 0, 1, 0], [0, 0, 0, 0, 0, 0, 0, 0, 0, 1], [0, 0, 0, 0, 0, 0, 0, 0, 0, 1], [0, 0, 0, 0, 0, 0, 0, 0, 0, 1], [0, 0, 0, 0, 0, 0, 0, 0, 0, 0]], "operations": ["split_3", "nor_conv_3x3", "split_2", "avg_pool_3x3", "nor_conv_1x1", "none", "nor_conv_3x3", "zeros", "nor_conv_3x3", "output"], "init_channel": 16, "blck_len": 5, "gt_accuracy": 0.9316, "pred_accuracy": 0.9086945056915283, "flops": 117.88353, "est_code": [2.013728141784668, 1.8780499696731567, 1.8278744220733643], "est_accuracy": -1, "confidence": 1}