{"id": 11185, "adj_matrix": [[0, 1, 0, 1, 0, 0, 1, 0, 0, 0], [0, 0, 1, 0, 0, 0, 0, 0, 0, 0], [0, 0, 0, 0, 1, 0, 0, 1, 0, 0], [0, 0, 0, 0, 0, 1, 0, 0, 0, 0], [0, 0, 0, 0, 0, 1, 0, 0, 0, 0], [0, 0, 0, 0, 0, 0, 0, 0, 1, 0], [0, 0, 0, 0, 0, 0, 0, 0, 0, 1], [0, 0, 0, 0, 0, 0, 0, 0, 0, 1], [0, 0, 0, 0, 0, 0, 0, 0, 0, 1], [0, 0, 0, 0, 0, 0, 0, 0, 0, 0]], "operations": ["split_3", "zeros", "split_2", "zeros", "skip_connect", "none", "nor_conv_1x1", "nor_conv_3x3", "nor_conv_1x1", "output"], "init_channel": 16, "blck_len": 5, "gt_accuracy": 0.8913, "pred_accuracy": 0.7896904945373535, "flops": 51.03681, "est_code": [2.0548343658447266, 1.8964492082595825, 1.8157141208648682], "est_accuracy": -1, "confidence": 1}