{"id": 11305, "adj_matrix": [[0, 1, 0, 1, 0, 0, 1, 0, 0, 0], [0, 0, 1, 0, 0, 0, 0, 0, 0, 0], [0, 0, 0, 0, 1, 0, 0, 1, 0, 0], [0, 0, 0, 0, 0, 1, 0, 0, 0, 0], [0, 0, 0, 0, 0, 1, 0, 0, 0, 0], [0, 0, 0, 0, 0, 0, 0, 0, 1, 0], [0, 0, 0, 0, 0, 0, 0, 0, 0, 1], [0, 0, 0, 0, 0, 0, 0, 0, 0, 1], [0, 0, 0, 0, 0, 0, 0, 0, 0, 1], [0, 0, 0, 0, 0, 0, 0, 0, 0, 0]], "operations": ["split_3", "skip_connect", "split_2", "nor_conv_3x3", "zeros", "none", "zeros", "zeros", "zeros", "output"], "init_channel": 16, "blck_len": 5, "gt_accuracy": 0.1, "pred_accuracy": 0.6607285141944885, "flops": 43.17249, "est_code": [2.0396969318389893, 1.8646435737609863, 1.8134735822677612], "est_accuracy": -1, "confidence": 1}