{"id": 11301, "adj_matrix": [[0, 1, 0, 1, 0, 0, 1, 0, 0, 0], [0, 0, 1, 0, 0, 0, 0, 0, 0, 0], [0, 0, 0, 0, 1, 0, 0, 1, 0, 0], [0, 0, 0, 0, 0, 1, 0, 0, 0, 0], [0, 0, 0, 0, 0, 1, 0, 0, 0, 0], [0, 0, 0, 0, 0, 0, 0, 0, 1, 0], [0, 0, 0, 0, 0, 0, 0, 0, 0, 1], [0, 0, 0, 0, 0, 0, 0, 0, 0, 1], [0, 0, 0, 0, 0, 0, 0, 0, 0, 1], [0, 0, 0, 0, 0, 0, 0, 0, 0, 0]], "operations": ["split_3", "nor_conv_1x1", "split_2", "zeros", "nor_conv_1x1", "none", "skip_connect", "nor_conv_1x1", "nor_conv_1x1", "output"], "init_channel": 16, "blck_len": 5, "gt_accuracy": 0.9122, "pred_accuracy": 0.8844751119613647, "flops": 23.51169, "est_code": [2.116575241088867, 1.9955087900161743, 1.9440853595733643], "est_accuracy": -1, "confidence": 1}