{"id": 12009, "adj_matrix": [[0, 1, 0, 1, 0, 0, 1, 0, 0, 0], [0, 0, 1, 0, 0, 0, 0, 0, 0, 0], [0, 0, 0, 0, 1, 0, 0, 1, 0, 0], [0, 0, 0, 0, 0, 1, 0, 0, 0, 0], [0, 0, 0, 0, 0, 1, 0, 0, 0, 0], [0, 0, 0, 0, 0, 0, 0, 0, 1, 0], [0, 0, 0, 0, 0, 0, 0, 0, 0, 1], [0, 0, 0, 0, 0, 0, 0, 0, 0, 1], [0, 0, 0, 0, 0, 0, 0, 0, 0, 1], [0, 0, 0, 0, 0, 0, 0, 0, 0, 0]], "operations": ["split_3", "skip_connect", "split_2", "skip_connect", "avg_pool_3x3", "none", "skip_connect", "skip_connect", "nor_conv_3x3", "output"], "init_channel": 16, "blck_len": 5, "gt_accuracy": 0.8858, "pred_accuracy": 0.7528033256530762, "flops": 43.17249, "est_code": [2.1344549655914307, 2.053177833557129, 1.9941619634628296], "est_accuracy": -1, "confidence": 1}