{"id": 12146, "adj_matrix": [[0, 1, 0, 1, 0, 0, 1, 0, 0, 0], [0, 0, 1, 0, 0, 0, 0, 0, 0, 0], [0, 0, 0, 0, 1, 0, 0, 1, 0, 0], [0, 0, 0, 0, 0, 1, 0, 0, 0, 0], [0, 0, 0, 0, 0, 1, 0, 0, 0, 0], [0, 0, 0, 0, 0, 0, 0, 0, 1, 0], [0, 0, 0, 0, 0, 0, 0, 0, 0, 1], [0, 0, 0, 0, 0, 0, 0, 0, 0, 1], [0, 0, 0, 0, 0, 0, 0, 0, 0, 1], [0, 0, 0, 0, 0, 0, 0, 0, 0, 0]], "operations": ["split_3", "nor_conv_1x1", "split_2", "avg_pool_3x3", "zeros", "none", "zeros", "skip_connect", "nor_conv_1x1", "output"], "init_channel": 16, "blck_len": 5, "gt_accuracy": 0.9009999999999999, "pred_accuracy": 0.7521530389785767, "flops": 15.64737, "est_code": [2.0497236251831055, 1.9164880514144897, 1.839900255203247], "est_accuracy": -1, "confidence": 1}