{"id": 12502, "adj_matrix": [[0, 1, 0, 1, 0, 0, 1, 0, 0, 0], [0, 0, 1, 0, 0, 0, 0, 0, 0, 0], [0, 0, 0, 0, 1, 0, 0, 1, 0, 0], [0, 0, 0, 0, 0, 1, 0, 0, 0, 0], [0, 0, 0, 0, 0, 1, 0, 0, 0, 0], [0, 0, 0, 0, 0, 0, 0, 0, 1, 0], [0, 0, 0, 0, 0, 0, 0, 0, 0, 1], [0, 0, 0, 0, 0, 0, 0, 0, 0, 1], [0, 0, 0, 0, 0, 0, 0, 0, 0, 1], [0, 0, 0, 0, 0, 0, 0, 0, 0, 0]], "operations": ["split_3", "skip_connect", "split_2", "avg_pool_3x3", "nor_conv_1x1", "none", "nor_conv_1x1", "nor_conv_1x1", "zeros", "output"], "init_channel": 16, "blck_len": 5, "gt_accuracy": 0.8916, "pred_accuracy": 0.8701680898666382, "flops": 19.57953, "est_code": [2.037804365158081, 1.89353609085083, 1.811252474784851], "est_accuracy": -1, "confidence": 1}