{"id": 12559, "adj_matrix": [[0, 1, 0, 1, 0, 0, 1, 0, 0, 0], [0, 0, 1, 0, 0, 0, 0, 0, 0, 0], [0, 0, 0, 0, 1, 0, 0, 1, 0, 0], [0, 0, 0, 0, 0, 1, 0, 0, 0, 0], [0, 0, 0, 0, 0, 1, 0, 0, 0, 0], [0, 0, 0, 0, 0, 0, 0, 0, 1, 0], [0, 0, 0, 0, 0, 0, 0, 0, 0, 1], [0, 0, 0, 0, 0, 0, 0, 0, 0, 1], [0, 0, 0, 0, 0, 0, 0, 0, 0, 1], [0, 0, 0, 0, 0, 0, 0, 0, 0, 0]], "operations": ["split_3", "nor_conv_3x3", "split_2", "nor_conv_3x3", "nor_conv_1x1", "none", "zeros", "skip_connect", "skip_connect", "output"], "init_channel": 16, "blck_len": 5, "gt_accuracy": 0.9251, "pred_accuracy": 0.833061695098877, "flops": 82.49409, "est_code": [2.0079782009124756, 1.8435152769088745, 1.7594242095947266], "est_accuracy": -1, "confidence": 1}