{"id": 12969, "adj_matrix": [[0, 1, 0, 1, 0, 0, 1, 0, 0, 0], [0, 0, 1, 0, 0, 0, 0, 0, 0, 0], [0, 0, 0, 0, 1, 0, 0, 1, 0, 0], [0, 0, 0, 0, 0, 1, 0, 0, 0, 0], [0, 0, 0, 0, 0, 1, 0, 0, 0, 0], [0, 0, 0, 0, 0, 0, 0, 0, 1, 0], [0, 0, 0, 0, 0, 0, 0, 0, 0, 1], [0, 0, 0, 0, 0, 0, 0, 0, 0, 1], [0, 0, 0, 0, 0, 0, 0, 0, 0, 1], [0, 0, 0, 0, 0, 0, 0, 0, 0, 0]], "operations": ["split_3", "nor_conv_1x1", "split_2", "avg_pool_3x3", "avg_pool_3x3", "none", "nor_conv_1x1", "nor_conv_1x1", "nor_conv_3x3", "output"], "init_channel": 16, "blck_len": 5, "gt_accuracy": 0.9183, "pred_accuracy": 0.912078857421875, "flops": 54.96897, "est_code": [2.065634250640869, 1.9351102113723755, 1.856518030166626], "est_accuracy": -1, "confidence": 1}