{"id": 13853, "adj_matrix": [[0, 1, 0, 1, 0, 0, 1, 0, 0, 0], [0, 0, 1, 0, 0, 0, 0, 0, 0, 0], [0, 0, 0, 0, 1, 0, 0, 1, 0, 0], [0, 0, 0, 0, 0, 1, 0, 0, 0, 0], [0, 0, 0, 0, 0, 1, 0, 0, 0, 0], [0, 0, 0, 0, 0, 0, 0, 0, 1, 0], [0, 0, 0, 0, 0, 0, 0, 0, 0, 1], [0, 0, 0, 0, 0, 0, 0, 0, 0, 1], [0, 0, 0, 0, 0, 0, 0, 0, 0, 1], [0, 0, 0, 0, 0, 0, 0, 0, 0, 0]], "operations": ["split_3", "nor_conv_3x3", "split_2", "skip_connect", "avg_pool_3x3", "none", "avg_pool_3x3", "skip_connect", "avg_pool_3x3", "output"], "init_channel": 16, "blck_len": 5, "gt_accuracy": 0.8684000000000001, "pred_accuracy": 0.6812130212783813, "flops": 43.17249, "est_code": [2.1522812843322754, 1.9860495328903198, 1.9522888660430908], "est_accuracy": -1, "confidence": 1}