{"id": 14122, "adj_matrix": [[0, 1, 0, 1, 0, 0, 1, 0, 0, 0], [0, 0, 1, 0, 0, 0, 0, 0, 0, 0], [0, 0, 0, 0, 1, 0, 0, 1, 0, 0], [0, 0, 0, 0, 0, 1, 0, 0, 0, 0], [0, 0, 0, 0, 0, 1, 0, 0, 0, 0], [0, 0, 0, 0, 0, 0, 0, 0, 1, 0], [0, 0, 0, 0, 0, 0, 0, 0, 0, 1], [0, 0, 0, 0, 0, 0, 0, 0, 0, 1], [0, 0, 0, 0, 0, 0, 0, 0, 0, 1], [0, 0, 0, 0, 0, 0, 0, 0, 0, 0]], "operations": ["split_3", "zeros", "split_2", "nor_conv_3x3", "skip_connect", "none", "avg_pool_3x3", "zeros", "skip_connect", "output"], "init_channel": 16, "blck_len": 5, "gt_accuracy": 0.912, "pred_accuracy": 0.7554383277893066, "flops": 43.17249, "est_code": [2.1100566387176514, 1.9828760623931885, 1.9383816719055176], "est_accuracy": -1, "confidence": 1}