{"id": 14326, "adj_matrix": [[0, 1, 0, 1, 0, 0, 1, 0, 0, 0], [0, 0, 1, 0, 0, 0, 0, 0, 0, 0], [0, 0, 0, 0, 1, 0, 0, 1, 0, 0], [0, 0, 0, 0, 0, 1, 0, 0, 0, 0], [0, 0, 0, 0, 0, 1, 0, 0, 0, 0], [0, 0, 0, 0, 0, 0, 0, 0, 1, 0], [0, 0, 0, 0, 0, 0, 0, 0, 0, 1], [0, 0, 0, 0, 0, 0, 0, 0, 0, 1], [0, 0, 0, 0, 0, 0, 0, 0, 0, 1], [0, 0, 0, 0, 0, 0, 0, 0, 0, 0]], "operations": ["split_3", "nor_conv_3x3", "split_2", "avg_pool_3x3", "zeros", "none", "avg_pool_3x3", "nor_conv_1x1", "avg_pool_3x3", "output"], "init_channel": 16, "blck_len": 5, "gt_accuracy": 0.8986, "pred_accuracy": 0.8874626159667969, "flops": 47.10465, "est_code": [2.13594388961792, 1.99368417263031, 1.942949891090393], "est_accuracy": -1, "confidence": 1}