{"id": 14406, "adj_matrix": [[0, 1, 0, 1, 0, 0, 1, 0, 0, 0], [0, 0, 1, 0, 0, 0, 0, 0, 0, 0], [0, 0, 0, 0, 1, 0, 0, 1, 0, 0], [0, 0, 0, 0, 0, 1, 0, 0, 0, 0], [0, 0, 0, 0, 0, 1, 0, 0, 0, 0], [0, 0, 0, 0, 0, 0, 0, 0, 1, 0], [0, 0, 0, 0, 0, 0, 0, 0, 0, 1], [0, 0, 0, 0, 0, 0, 0, 0, 0, 1], [0, 0, 0, 0, 0, 0, 0, 0, 0, 1], [0, 0, 0, 0, 0, 0, 0, 0, 0, 0]], "operations": ["split_3", "avg_pool_3x3", "split_2", "nor_conv_3x3", "zeros", "none", "avg_pool_3x3", "nor_conv_3x3", "zeros", "output"], "init_channel": 16, "blck_len": 5, "gt_accuracy": 0.8536, "pred_accuracy": 0.8976465463638306, "flops": 78.56193, "est_code": [2.1172287464141846, 2.0198354721069336, 1.9859027862548828], "est_accuracy": -1, "confidence": 1}