{"id": 14485, "adj_matrix": [[0, 1, 0, 1, 0, 0, 1, 0, 0, 0], [0, 0, 1, 0, 0, 0, 0, 0, 0, 0], [0, 0, 0, 0, 1, 0, 0, 1, 0, 0], [0, 0, 0, 0, 0, 1, 0, 0, 0, 0], [0, 0, 0, 0, 0, 1, 0, 0, 0, 0], [0, 0, 0, 0, 0, 0, 0, 0, 1, 0], [0, 0, 0, 0, 0, 0, 0, 0, 0, 1], [0, 0, 0, 0, 0, 0, 0, 0, 0, 1], [0, 0, 0, 0, 0, 0, 0, 0, 0, 1], [0, 0, 0, 0, 0, 0, 0, 0, 0, 0]], "operations": ["split_3", "zeros", "split_2", "zeros", "avg_pool_3x3", "none", "zeros", "nor_conv_3x3", "skip_connect", "output"], "init_channel": 16, "blck_len": 5, "gt_accuracy": 0.1, "pred_accuracy": 0.8551398515701294, "flops": 43.17249, "est_code": [2.020371437072754, 1.875368595123291, 1.8172534704208374], "est_accuracy": -1, "confidence": 1}