{"id": 14584, "adj_matrix": [[0, 1, 0, 1, 0, 0, 1, 0, 0, 0], [0, 0, 1, 0, 0, 0, 0, 0, 0, 0], [0, 0, 0, 0, 1, 0, 0, 1, 0, 0], [0, 0, 0, 0, 0, 1, 0, 0, 0, 0], [0, 0, 0, 0, 0, 1, 0, 0, 0, 0], [0, 0, 0, 0, 0, 0, 0, 0, 1, 0], [0, 0, 0, 0, 0, 0, 0, 0, 0, 1], [0, 0, 0, 0, 0, 0, 0, 0, 0, 1], [0, 0, 0, 0, 0, 0, 0, 0, 0, 1], [0, 0, 0, 0, 0, 0, 0, 0, 0, 0]], "operations": ["split_3", "zeros", "split_2", "skip_connect", "nor_conv_3x3", "none", "zeros", "nor_conv_1x1", "skip_connect", "output"], "init_channel": 16, "blck_len": 5, "gt_accuracy": 0.8648, "pred_accuracy": 0.7635157108306885, "flops": 47.10465, "est_code": [2.1494460105895996, 2.0677831172943115, 2.0425968170166016], "est_accuracy": -1, "confidence": 1}