{"id": 15192, "adj_matrix": [[0, 1, 0, 1, 0, 0, 1, 0, 0, 0], [0, 0, 1, 0, 0, 0, 0, 0, 0, 0], [0, 0, 0, 0, 1, 0, 0, 1, 0, 0], [0, 0, 0, 0, 0, 1, 0, 0, 0, 0], [0, 0, 0, 0, 0, 1, 0, 0, 0, 0], [0, 0, 0, 0, 0, 0, 0, 0, 1, 0], [0, 0, 0, 0, 0, 0, 0, 0, 0, 1], [0, 0, 0, 0, 0, 0, 0, 0, 0, 1], [0, 0, 0, 0, 0, 0, 0, 0, 0, 1], [0, 0, 0, 0, 0, 0, 0, 0, 0, 0]], "operations": ["split_3", "zeros", "split_2", "nor_conv_1x1", "zeros", "none", "avg_pool_3x3", "nor_conv_1x1", "avg_pool_3x3", "output"], "init_channel": 16, "blck_len": 5, "gt_accuracy": 0.8697, "pred_accuracy": 0.882765531539917, "flops": 15.64737, "est_code": [2.1171717643737793, 2.056269407272339, 1.9735181331634521], "est_accuracy": -1, "confidence": 1}