{"id": 15350, "adj_matrix": [[0, 1, 0, 1, 0, 0, 1, 0, 0, 0], [0, 0, 1, 0, 0, 0, 0, 0, 0, 0], [0, 0, 0, 0, 1, 0, 0, 1, 0, 0], [0, 0, 0, 0, 0, 1, 0, 0, 0, 0], [0, 0, 0, 0, 0, 1, 0, 0, 0, 0], [0, 0, 0, 0, 0, 0, 0, 0, 1, 0], [0, 0, 0, 0, 0, 0, 0, 0, 0, 1], [0, 0, 0, 0, 0, 0, 0, 0, 0, 1], [0, 0, 0, 0, 0, 0, 0, 0, 0, 1], [0, 0, 0, 0, 0, 0, 0, 0, 0, 0]], "operations": ["split_3", "avg_pool_3x3", "split_2", "zeros", "nor_conv_1x1", "none", "avg_pool_3x3", "nor_conv_3x3", "zeros", "output"], "init_channel": 16, "blck_len": 5, "gt_accuracy": 0.8459, "pred_accuracy": 0.8728938102722168, "flops": 47.10465, "est_code": [2.1715657711029053, 2.0544962882995605, 2.0002593994140625], "est_accuracy": -1, "confidence": 1}