{"id": 210, "adj_matrix": [[0, 1, 0, 1, 0, 0, 1, 0, 0, 0], [0, 0, 1, 0, 0, 0, 0, 0, 0, 0], [0, 0, 0, 0, 1, 0, 0, 1, 0, 0], [0, 0, 0, 0, 0, 1, 0, 0, 0, 0], [0, 0, 0, 0, 0, 1, 0, 0, 0, 0], [0, 0, 0, 0, 0, 0, 0, 0, 1, 0], [0, 0, 0, 0, 0, 0, 0, 0, 0, 1], [0, 0, 0, 0, 0, 0, 0, 0, 0, 1], [0, 0, 0, 0, 0, 0, 0, 0, 0, 1], [0, 0, 0, 0, 0, 0, 0, 0, 0, 0]], "operations": ["split_3", "zeros", "split_2", "skip_connect", "nor_conv_3x3", "none", "avg_pool_3x3", "zeros", "zeros", "output"], "init_channel": 16, "blck_len": 5, "gt_accuracy": 0.7595999999999999, "pred_accuracy": 0.6652511358261108, "flops": 43.17249, "est_code": [2.174345016479492, 2.1128692626953125, 2.051307201385498], "est_accuracy": -1, "confidence": 1}