{"id": 2626, "adj_matrix": [[0, 1, 0, 1, 0, 0, 1, 0, 0, 0], [0, 0, 1, 0, 0, 0, 0, 0, 0, 0], [0, 0, 0, 0, 1, 0, 0, 1, 0, 0], [0, 0, 0, 0, 0, 1, 0, 0, 0, 0], [0, 0, 0, 0, 0, 1, 0, 0, 0, 0], [0, 0, 0, 0, 0, 0, 0, 0, 1, 0], [0, 0, 0, 0, 0, 0, 0, 0, 0, 1], [0, 0, 0, 0, 0, 0, 0, 0, 0, 1], [0, 0, 0, 0, 0, 0, 0, 0, 0, 1], [0, 0, 0, 0, 0, 0, 0, 0, 0, 0]], "operations": ["split_3", "nor_conv_1x1", "split_2", "skip_connect", "nor_conv_3x3", "none", "nor_conv_1x1", "nor_conv_1x1", "zeros", "output"], "init_channel": 16, "blck_len": 5, "gt_accuracy": 0.8966, "pred_accuracy": 0.877883791923523, "flops": 54.96897, "est_code": [2.0331056118011475, 1.838409185409546, 1.791607141494751], "est_accuracy": -1, "confidence": 1}