{"id": 2796, "adj_matrix": [[0, 1, 0, 1, 0, 0, 1, 0, 0, 0], [0, 0, 1, 0, 0, 0, 0, 0, 0, 0], [0, 0, 0, 0, 1, 0, 0, 1, 0, 0], [0, 0, 0, 0, 0, 1, 0, 0, 0, 0], [0, 0, 0, 0, 0, 1, 0, 0, 0, 0], [0, 0, 0, 0, 0, 0, 0, 0, 1, 0], [0, 0, 0, 0, 0, 0, 0, 0, 0, 1], [0, 0, 0, 0, 0, 0, 0, 0, 0, 1], [0, 0, 0, 0, 0, 0, 0, 0, 0, 1], [0, 0, 0, 0, 0, 0, 0, 0, 0, 0]], "operations": ["split_3", "zeros", "split_2", "avg_pool_3x3", "zeros", "none", "zeros", "skip_connect", "zeros", "output"], "init_channel": 16, "blck_len": 5, "gt_accuracy": 0.1, "pred_accuracy": 0.8895537853240967, "flops": 7.78305, "est_code": [2.0283660888671875, 1.8703420162200928, 1.8040006160736084], "est_accuracy": -1, "confidence": 1}