{"id": 338, "adj_matrix": [[0, 1, 0, 1, 0, 0, 1, 0, 0, 0], [0, 0, 1, 0, 0, 0, 0, 0, 0, 0], [0, 0, 0, 0, 1, 0, 0, 1, 0, 0], [0, 0, 0, 0, 0, 1, 0, 0, 0, 0], [0, 0, 0, 0, 0, 1, 0, 0, 0, 0], [0, 0, 0, 0, 0, 0, 0, 0, 1, 0], [0, 0, 0, 0, 0, 0, 0, 0, 0, 1], [0, 0, 0, 0, 0, 0, 0, 0, 0, 1], [0, 0, 0, 0, 0, 0, 0, 0, 0, 1], [0, 0, 0, 0, 0, 0, 0, 0, 0, 0]], "operations": ["split_3", "nor_conv_1x1", "split_2", "zeros", "nor_conv_1x1", "none", "skip_connect", "skip_connect", "skip_connect", "output"], "init_channel": 16, "blck_len": 5, "gt_accuracy": 0.904, "pred_accuracy": 0.8648492693901062, "flops": 15.64737, "est_code": [2.1000144481658936, 1.9853005409240723, 1.9456316232681274], "est_accuracy": -1, "confidence": 1}