{"id": 3752, "adj_matrix": [[0, 1, 0, 1, 0, 0, 1, 0, 0, 0], [0, 0, 1, 0, 0, 0, 0, 0, 0, 0], [0, 0, 0, 0, 1, 0, 0, 1, 0, 0], [0, 0, 0, 0, 0, 1, 0, 0, 0, 0], [0, 0, 0, 0, 0, 1, 0, 0, 0, 0], [0, 0, 0, 0, 0, 0, 0, 0, 1, 0], [0, 0, 0, 0, 0, 0, 0, 0, 0, 1], [0, 0, 0, 0, 0, 0, 0, 0, 0, 1], [0, 0, 0, 0, 0, 0, 0, 0, 0, 1], [0, 0, 0, 0, 0, 0, 0, 0, 0, 0]], "operations": ["split_3", "nor_conv_1x1", "split_2", "nor_conv_1x1", "skip_connect", "none", "zeros", "nor_conv_1x1", "skip_connect", "output"], "init_channel": 16, "blck_len": 5, "gt_accuracy": 0.8917, "pred_accuracy": 0.8653064966201782, "flops": 19.57953, "est_code": [2.052856922149658, 1.8827368021011353, 1.822141408920288], "est_accuracy": -1, "confidence": 1}