{"id": 3842, "adj_matrix": [[0, 1, 0, 1, 0, 0, 1, 0, 0, 0], [0, 0, 1, 0, 0, 0, 0, 0, 0, 0], [0, 0, 0, 0, 1, 0, 0, 1, 0, 0], [0, 0, 0, 0, 0, 1, 0, 0, 0, 0], [0, 0, 0, 0, 0, 1, 0, 0, 0, 0], [0, 0, 0, 0, 0, 0, 0, 0, 1, 0], [0, 0, 0, 0, 0, 0, 0, 0, 0, 1], [0, 0, 0, 0, 0, 0, 0, 0, 0, 1], [0, 0, 0, 0, 0, 0, 0, 0, 0, 1], [0, 0, 0, 0, 0, 0, 0, 0, 0, 0]], "operations": ["split_3", "avg_pool_3x3", "split_2", "nor_conv_1x1", "nor_conv_1x1", "none", "skip_connect", "skip_connect", "nor_conv_1x1", "output"], "init_channel": 16, "blck_len": 5, "gt_accuracy": 0.8837999999999999, "pred_accuracy": 0.8760361075401306, "flops": 19.57953, "est_code": [2.147089958190918, 2.0679259300231934, 2.0108132362365723], "est_accuracy": -1, "confidence": 1}