{"id": 4100, "adj_matrix": [[0, 1, 0, 1, 0, 0, 1, 0, 0, 0], [0, 0, 1, 0, 0, 0, 0, 0, 0, 0], [0, 0, 0, 0, 1, 0, 0, 1, 0, 0], [0, 0, 0, 0, 0, 1, 0, 0, 0, 0], [0, 0, 0, 0, 0, 1, 0, 0, 0, 0], [0, 0, 0, 0, 0, 0, 0, 0, 1, 0], [0, 0, 0, 0, 0, 0, 0, 0, 0, 1], [0, 0, 0, 0, 0, 0, 0, 0, 0, 1], [0, 0, 0, 0, 0, 0, 0, 0, 0, 1], [0, 0, 0, 0, 0, 0, 0, 0, 0, 0]], "operations": ["split_3", "zeros", "split_2", "skip_connect", "nor_conv_1x1", "none", "skip_connect", "zeros", "zeros", "output"], "init_channel": 16, "blck_len": 5, "gt_accuracy": 0.8683, "pred_accuracy": 0.8831490278244019, "flops": 11.71521, "est_code": [2.1454248428344727, 2.077340602874756, 2.027521848678589], "est_accuracy": -1, "confidence": 1}