{"id": 4568, "adj_matrix": [[0, 1, 0, 1, 0, 0, 1, 0, 0, 0], [0, 0, 1, 0, 0, 0, 0, 0, 0, 0], [0, 0, 0, 0, 1, 0, 0, 1, 0, 0], [0, 0, 0, 0, 0, 1, 0, 0, 0, 0], [0, 0, 0, 0, 0, 1, 0, 0, 0, 0], [0, 0, 0, 0, 0, 0, 0, 0, 1, 0], [0, 0, 0, 0, 0, 0, 0, 0, 0, 1], [0, 0, 0, 0, 0, 0, 0, 0, 0, 1], [0, 0, 0, 0, 0, 0, 0, 0, 0, 1], [0, 0, 0, 0, 0, 0, 0, 0, 0, 0]], "operations": ["split_3", "skip_connect", "split_2", "nor_conv_3x3", "zeros", "none", "avg_pool_3x3", "avg_pool_3x3", "zeros", "output"], "init_channel": 16, "blck_len": 5, "gt_accuracy": 0.7356, "pred_accuracy": 0.8824217915534973, "flops": 43.17249, "est_code": [2.180851936340332, 2.1318390369415283, 2.1099886894226074], "est_accuracy": -1, "confidence": 1}