{"id": 4678, "adj_matrix": [[0, 1, 0, 1, 0, 0, 1, 0, 0, 0], [0, 0, 1, 0, 0, 0, 0, 0, 0, 0], [0, 0, 0, 0, 1, 0, 0, 1, 0, 0], [0, 0, 0, 0, 0, 1, 0, 0, 0, 0], [0, 0, 0, 0, 0, 1, 0, 0, 0, 0], [0, 0, 0, 0, 0, 0, 0, 0, 1, 0], [0, 0, 0, 0, 0, 0, 0, 0, 0, 1], [0, 0, 0, 0, 0, 0, 0, 0, 0, 1], [0, 0, 0, 0, 0, 0, 0, 0, 0, 1], [0, 0, 0, 0, 0, 0, 0, 0, 0, 0]], "operations": ["split_3", "zeros", "split_2", "nor_conv_3x3", "skip_connect", "none", "nor_conv_1x1", "nor_conv_3x3", "skip_connect", "output"], "init_channel": 16, "blck_len": 5, "gt_accuracy": 0.9217, "pred_accuracy": 0.8930716514587402, "flops": 82.49409, "est_code": [2.040656805038452, 1.866280436515808, 1.7861629724502563], "est_accuracy": -1, "confidence": 1}