{"id": 4749, "adj_matrix": [[0, 1, 0, 1, 0, 0, 1, 0, 0, 0], [0, 0, 1, 0, 0, 0, 0, 0, 0, 0], [0, 0, 0, 0, 1, 0, 0, 1, 0, 0], [0, 0, 0, 0, 0, 1, 0, 0, 0, 0], [0, 0, 0, 0, 0, 1, 0, 0, 0, 0], [0, 0, 0, 0, 0, 0, 0, 0, 1, 0], [0, 0, 0, 0, 0, 0, 0, 0, 0, 1], [0, 0, 0, 0, 0, 0, 0, 0, 0, 1], [0, 0, 0, 0, 0, 0, 0, 0, 0, 1], [0, 0, 0, 0, 0, 0, 0, 0, 0, 0]], "operations": ["split_3", "nor_conv_3x3", "split_2", "avg_pool_3x3", "skip_connect", "none", "nor_conv_3x3", "avg_pool_3x3", "skip_connect", "output"], "init_channel": 16, "blck_len": 5, "gt_accuracy": 0.9046, "pred_accuracy": 0.906786322593689, "flops": 78.56193, "est_code": [2.0954596996307373, 1.96243155002594, 1.918731451034546], "est_accuracy": -1, "confidence": 1}