{"id": 4838, "adj_matrix": [[0, 1, 0, 1, 0, 0, 1, 0, 0, 0], [0, 0, 1, 0, 0, 0, 0, 0, 0, 0], [0, 0, 0, 0, 1, 0, 0, 1, 0, 0], [0, 0, 0, 0, 0, 1, 0, 0, 0, 0], [0, 0, 0, 0, 0, 1, 0, 0, 0, 0], [0, 0, 0, 0, 0, 0, 0, 0, 1, 0], [0, 0, 0, 0, 0, 0, 0, 0, 0, 1], [0, 0, 0, 0, 0, 0, 0, 0, 0, 1], [0, 0, 0, 0, 0, 0, 0, 0, 0, 1], [0, 0, 0, 0, 0, 0, 0, 0, 0, 0]], "operations": ["split_3", "nor_conv_1x1", "split_2", "nor_conv_3x3", "nor_conv_1x1", "none", "nor_conv_3x3", "skip_connect", "zeros", "output"], "init_channel": 16, "blck_len": 5, "gt_accuracy": 0.9228000000000001, "pred_accuracy": 0.7699059247970581, "flops": 86.42625, "est_code": [2.0103397369384766, 1.8898274898529053, 1.805446743965149], "est_accuracy": -1, "confidence": 1}