{"id": 4975, "adj_matrix": [[0, 1, 0, 1, 0, 0, 1, 0, 0, 0], [0, 0, 1, 0, 0, 0, 0, 0, 0, 0], [0, 0, 0, 0, 1, 0, 0, 1, 0, 0], [0, 0, 0, 0, 0, 1, 0, 0, 0, 0], [0, 0, 0, 0, 0, 1, 0, 0, 0, 0], [0, 0, 0, 0, 0, 0, 0, 0, 1, 0], [0, 0, 0, 0, 0, 0, 0, 0, 0, 1], [0, 0, 0, 0, 0, 0, 0, 0, 0, 1], [0, 0, 0, 0, 0, 0, 0, 0, 0, 1], [0, 0, 0, 0, 0, 0, 0, 0, 0, 0]], "operations": ["split_3", "nor_conv_1x1", "split_2", "avg_pool_3x3", "nor_conv_1x1", "none", "avg_pool_3x3", "nor_conv_1x1", "zeros", "output"], "init_channel": 16, "blck_len": 5, "gt_accuracy": 0.9007999999999999, "pred_accuracy": 0.7616409659385681, "flops": 19.57953, "est_code": [2.115908145904541, 2.001494884490967, 1.9543319940567017], "est_accuracy": -1, "confidence": 1}