{"id": 5485, "adj_matrix": [[0, 1, 0, 1, 0, 0, 1, 0, 0, 0], [0, 0, 1, 0, 0, 0, 0, 0, 0, 0], [0, 0, 0, 0, 1, 0, 0, 1, 0, 0], [0, 0, 0, 0, 0, 1, 0, 0, 0, 0], [0, 0, 0, 0, 0, 1, 0, 0, 0, 0], [0, 0, 0, 0, 0, 0, 0, 0, 1, 0], [0, 0, 0, 0, 0, 0, 0, 0, 0, 1], [0, 0, 0, 0, 0, 0, 0, 0, 0, 1], [0, 0, 0, 0, 0, 0, 0, 0, 0, 1], [0, 0, 0, 0, 0, 0, 0, 0, 0, 0]], "operations": ["split_3", "nor_conv_1x1", "split_2", "nor_conv_1x1", "nor_conv_1x1", "none", "nor_conv_1x1", "skip_connect", "zeros", "output"], "init_channel": 16, "blck_len": 5, "gt_accuracy": 0.8942, "pred_accuracy": 0.8866944313049316, "flops": 23.51169, "est_code": [2.057440996170044, 1.9258664846420288, 1.835294485092163], "est_accuracy": -1, "confidence": 1}