{"id": 5528, "adj_matrix": [[0, 1, 0, 1, 0, 0, 1, 0, 0, 0], [0, 0, 1, 0, 0, 0, 0, 0, 0, 0], [0, 0, 0, 0, 1, 0, 0, 1, 0, 0], [0, 0, 0, 0, 0, 1, 0, 0, 0, 0], [0, 0, 0, 0, 0, 1, 0, 0, 0, 0], [0, 0, 0, 0, 0, 0, 0, 0, 1, 0], [0, 0, 0, 0, 0, 0, 0, 0, 0, 1], [0, 0, 0, 0, 0, 0, 0, 0, 0, 1], [0, 0, 0, 0, 0, 0, 0, 0, 0, 1], [0, 0, 0, 0, 0, 0, 0, 0, 0, 0]], "operations": ["split_3", "nor_conv_1x1", "split_2", "zeros", "zeros", "none", "zeros", "avg_pool_3x3", "zeros", "output"], "init_channel": 16, "blck_len": 5, "gt_accuracy": 0.8606, "pred_accuracy": 0.6757776141166687, "flops": 11.71521, "est_code": [2.0540010929107666, 1.908259630203247, 1.8259631395339966], "est_accuracy": -1, "confidence": 1}