{"id": 5702, "adj_matrix": [[0, 1, 0, 1, 0, 0, 1, 0, 0, 0], [0, 0, 1, 0, 0, 0, 0, 0, 0, 0], [0, 0, 0, 0, 1, 0, 0, 1, 0, 0], [0, 0, 0, 0, 0, 1, 0, 0, 0, 0], [0, 0, 0, 0, 0, 1, 0, 0, 0, 0], [0, 0, 0, 0, 0, 0, 0, 0, 1, 0], [0, 0, 0, 0, 0, 0, 0, 0, 0, 1], [0, 0, 0, 0, 0, 0, 0, 0, 0, 1], [0, 0, 0, 0, 0, 0, 0, 0, 0, 1], [0, 0, 0, 0, 0, 0, 0, 0, 0, 0]], "operations": ["split_3", "nor_conv_3x3", "split_2", "skip_connect", "skip_connect", "none", "avg_pool_3x3", "avg_pool_3x3", "zeros", "output"], "init_channel": 16, "blck_len": 5, "gt_accuracy": 0.8885, "pred_accuracy": 0.6803228855133057, "flops": 43.17249, "est_code": [2.1352972984313965, 1.977980375289917, 1.9330615997314453], "est_accuracy": -1, "confidence": 1}