{"id": 5724, "adj_matrix": [[0, 1, 0, 1, 0, 0, 1, 0, 0, 0], [0, 0, 1, 0, 0, 0, 0, 0, 0, 0], [0, 0, 0, 0, 1, 0, 0, 1, 0, 0], [0, 0, 0, 0, 0, 1, 0, 0, 0, 0], [0, 0, 0, 0, 0, 1, 0, 0, 0, 0], [0, 0, 0, 0, 0, 0, 0, 0, 1, 0], [0, 0, 0, 0, 0, 0, 0, 0, 0, 1], [0, 0, 0, 0, 0, 0, 0, 0, 0, 1], [0, 0, 0, 0, 0, 0, 0, 0, 0, 1], [0, 0, 0, 0, 0, 0, 0, 0, 0, 0]], "operations": ["split_3", "skip_connect", "split_2", "zeros", "zeros", "none", "zeros", "skip_connect", "skip_connect", "output"], "init_channel": 16, "blck_len": 5, "gt_accuracy": 0.8641, "pred_accuracy": 0.648273229598999, "flops": 7.78305, "est_code": [2.142338275909424, 2.082139253616333, 2.03299617767334], "est_accuracy": -1, "confidence": 1}