{"id": 5751, "adj_matrix": [[0, 1, 0, 1, 0, 0, 1, 0, 0, 0], [0, 0, 1, 0, 0, 0, 0, 0, 0, 0], [0, 0, 0, 0, 1, 0, 0, 1, 0, 0], [0, 0, 0, 0, 0, 1, 0, 0, 0, 0], [0, 0, 0, 0, 0, 1, 0, 0, 0, 0], [0, 0, 0, 0, 0, 0, 0, 0, 1, 0], [0, 0, 0, 0, 0, 0, 0, 0, 0, 1], [0, 0, 0, 0, 0, 0, 0, 0, 0, 1], [0, 0, 0, 0, 0, 0, 0, 0, 0, 1], [0, 0, 0, 0, 0, 0, 0, 0, 0, 0]], "operations": ["split_3", "skip_connect", "split_2", "nor_conv_3x3", "avg_pool_3x3", "none", "skip_connect", "nor_conv_3x3", "zeros", "output"], "init_channel": 16, "blck_len": 5, "gt_accuracy": 0.9198999999999999, "pred_accuracy": 0.8877354264259338, "flops": 78.56193, "est_code": [2.126892328262329, 2.0041210651397705, 1.945372223854065], "est_accuracy": -1, "confidence": 1}