{"id": 6494, "adj_matrix": [[0, 1, 0, 1, 0, 0, 1, 0, 0, 0], [0, 0, 1, 0, 0, 0, 0, 0, 0, 0], [0, 0, 0, 0, 1, 0, 0, 1, 0, 0], [0, 0, 0, 0, 0, 1, 0, 0, 0, 0], [0, 0, 0, 0, 0, 1, 0, 0, 0, 0], [0, 0, 0, 0, 0, 0, 0, 0, 1, 0], [0, 0, 0, 0, 0, 0, 0, 0, 0, 1], [0, 0, 0, 0, 0, 0, 0, 0, 0, 1], [0, 0, 0, 0, 0, 0, 0, 0, 0, 1], [0, 0, 0, 0, 0, 0, 0, 0, 0, 0]], "operations": ["split_3", "nor_conv_3x3", "split_2", "nor_conv_3x3", "avg_pool_3x3", "none", "avg_pool_3x3", "zeros", "skip_connect", "output"], "init_channel": 16, "blck_len": 5, "gt_accuracy": 0.9098, "pred_accuracy": 0.8860628604888916, "flops": 78.56193, "est_code": [2.134521961212158, 2.0105326175689697, 1.934053897857666], "est_accuracy": -1, "confidence": 1}