{"id": 6519, "adj_matrix": [[0, 1, 0, 1, 0, 0, 1, 0, 0, 0], [0, 0, 1, 0, 0, 0, 0, 0, 0, 0], [0, 0, 0, 0, 1, 0, 0, 1, 0, 0], [0, 0, 0, 0, 0, 1, 0, 0, 0, 0], [0, 0, 0, 0, 0, 1, 0, 0, 0, 0], [0, 0, 0, 0, 0, 0, 0, 0, 1, 0], [0, 0, 0, 0, 0, 0, 0, 0, 0, 1], [0, 0, 0, 0, 0, 0, 0, 0, 0, 1], [0, 0, 0, 0, 0, 0, 0, 0, 0, 1], [0, 0, 0, 0, 0, 0, 0, 0, 0, 0]], "operations": ["split_3", "zeros", "split_2", "nor_conv_3x3", "zeros", "none", "skip_connect", "zeros", "skip_connect", "output"], "init_channel": 16, "blck_len": 5, "gt_accuracy": 0.9216, "pred_accuracy": 0.8860499858856201, "flops": 43.17249, "est_code": [2.1251676082611084, 1.992742896080017, 1.9240628480911255], "est_accuracy": -1, "confidence": 1}