{"id": 6779, "adj_matrix": [[0, 1, 0, 1, 0, 0, 1, 0, 0, 0], [0, 0, 1, 0, 0, 0, 0, 0, 0, 0], [0, 0, 0, 0, 1, 0, 0, 1, 0, 0], [0, 0, 0, 0, 0, 1, 0, 0, 0, 0], [0, 0, 0, 0, 0, 1, 0, 0, 0, 0], [0, 0, 0, 0, 0, 0, 0, 0, 1, 0], [0, 0, 0, 0, 0, 0, 0, 0, 0, 1], [0, 0, 0, 0, 0, 0, 0, 0, 0, 1], [0, 0, 0, 0, 0, 0, 0, 0, 0, 1], [0, 0, 0, 0, 0, 0, 0, 0, 0, 0]], "operations": ["split_3", "skip_connect", "split_2", "nor_conv_3x3", "nor_conv_1x1", "none", "avg_pool_3x3", "nor_conv_1x1", "skip_connect", "output"], "init_channel": 16, "blck_len": 5, "gt_accuracy": 0.9087000000000001, "pred_accuracy": 0.8572760820388794, "flops": 51.03681, "est_code": [2.1560869216918945, 1.9890068769454956, 1.9532952308654785], "est_accuracy": -1, "confidence": 1}