{"id": 6813, "adj_matrix": [[0, 1, 0, 1, 0, 0, 1, 0, 0, 0], [0, 0, 1, 0, 0, 0, 0, 0, 0, 0], [0, 0, 0, 0, 1, 0, 0, 1, 0, 0], [0, 0, 0, 0, 0, 1, 0, 0, 0, 0], [0, 0, 0, 0, 0, 1, 0, 0, 0, 0], [0, 0, 0, 0, 0, 0, 0, 0, 1, 0], [0, 0, 0, 0, 0, 0, 0, 0, 0, 1], [0, 0, 0, 0, 0, 0, 0, 0, 0, 1], [0, 0, 0, 0, 0, 0, 0, 0, 0, 1], [0, 0, 0, 0, 0, 0, 0, 0, 0, 0]], "operations": ["split_3", "nor_conv_1x1", "split_2", "nor_conv_3x3", "zeros", "none", "avg_pool_3x3", "zeros", "nor_conv_3x3", "output"], "init_channel": 16, "blck_len": 5, "gt_accuracy": 0.9253, "pred_accuracy": 0.7498130798339844, "flops": 82.49409, "est_code": [2.097719192504883, 1.97036874294281, 1.8882806301116943], "est_accuracy": -1, "confidence": 1}