{"id": 7016, "adj_matrix": [[0, 1, 0, 1, 0, 0, 1, 0, 0, 0], [0, 0, 1, 0, 0, 0, 0, 0, 0, 0], [0, 0, 0, 0, 1, 0, 0, 1, 0, 0], [0, 0, 0, 0, 0, 1, 0, 0, 0, 0], [0, 0, 0, 0, 0, 1, 0, 0, 0, 0], [0, 0, 0, 0, 0, 0, 0, 0, 1, 0], [0, 0, 0, 0, 0, 0, 0, 0, 0, 1], [0, 0, 0, 0, 0, 0, 0, 0, 0, 1], [0, 0, 0, 0, 0, 0, 0, 0, 0, 1], [0, 0, 0, 0, 0, 0, 0, 0, 0, 0]], "operations": ["split_3", "avg_pool_3x3", "split_2", "nor_conv_3x3", "zeros", "none", "nor_conv_3x3", "nor_conv_1x1", "zeros", "output"], "init_channel": 16, "blck_len": 5, "gt_accuracy": 0.9161, "pred_accuracy": 0.9042218923568726, "flops": 82.49409, "est_code": [2.0596096515655518, 1.8781375885009766, 1.814284324645996], "est_accuracy": -1, "confidence": 1}