{"id": 7424, "adj_matrix": [[0, 1, 0, 1, 0, 0, 1, 0, 0, 0], [0, 0, 1, 0, 0, 0, 0, 0, 0, 0], [0, 0, 0, 0, 1, 0, 0, 1, 0, 0], [0, 0, 0, 0, 0, 1, 0, 0, 0, 0], [0, 0, 0, 0, 0, 1, 0, 0, 0, 0], [0, 0, 0, 0, 0, 0, 0, 0, 1, 0], [0, 0, 0, 0, 0, 0, 0, 0, 0, 1], [0, 0, 0, 0, 0, 0, 0, 0, 0, 1], [0, 0, 0, 0, 0, 0, 0, 0, 0, 1], [0, 0, 0, 0, 0, 0, 0, 0, 0, 0]], "operations": ["split_3", "nor_conv_3x3", "split_2", "zeros", "zeros", "none", "zeros", "nor_conv_3x3", "zeros", "output"], "init_channel": 16, "blck_len": 5, "gt_accuracy": 0.9079999999999999, "pred_accuracy": 0.7185559272766113, "flops": 78.56193, "est_code": [2.000258445739746, 1.8424631357192993, 1.7638565301895142], "est_accuracy": -1, "confidence": 1}