{"id": 7448, "adj_matrix": [[0, 1, 0, 1, 0, 0, 1, 0, 0, 0], [0, 0, 1, 0, 0, 0, 0, 0, 0, 0], [0, 0, 0, 0, 1, 0, 0, 1, 0, 0], [0, 0, 0, 0, 0, 1, 0, 0, 0, 0], [0, 0, 0, 0, 0, 1, 0, 0, 0, 0], [0, 0, 0, 0, 0, 0, 0, 0, 1, 0], [0, 0, 0, 0, 0, 0, 0, 0, 0, 1], [0, 0, 0, 0, 0, 0, 0, 0, 0, 1], [0, 0, 0, 0, 0, 0, 0, 0, 0, 1], [0, 0, 0, 0, 0, 0, 0, 0, 0, 0]], "operations": ["split_3", "avg_pool_3x3", "split_2", "skip_connect", "nor_conv_3x3", "none", "nor_conv_1x1", "zeros", "zeros", "output"], "init_channel": 16, "blck_len": 5, "gt_accuracy": 0.8822, "pred_accuracy": 0.881009042263031, "flops": 47.10465, "est_code": [2.033137559890747, 1.8577853441238403, 1.7895995378494263], "est_accuracy": -1, "confidence": 1}