{"id": 7452, "adj_matrix": [[0, 1, 0, 1, 0, 0, 1, 0, 0, 0], [0, 0, 1, 0, 0, 0, 0, 0, 0, 0], [0, 0, 0, 0, 1, 0, 0, 1, 0, 0], [0, 0, 0, 0, 0, 1, 0, 0, 0, 0], [0, 0, 0, 0, 0, 1, 0, 0, 0, 0], [0, 0, 0, 0, 0, 0, 0, 0, 1, 0], [0, 0, 0, 0, 0, 0, 0, 0, 0, 1], [0, 0, 0, 0, 0, 0, 0, 0, 0, 1], [0, 0, 0, 0, 0, 0, 0, 0, 0, 1], [0, 0, 0, 0, 0, 0, 0, 0, 0, 0]], "operations": ["split_3", "nor_conv_3x3", "split_2", "nor_conv_3x3", "nor_conv_1x1", "none", "skip_connect", "avg_pool_3x3", "avg_pool_3x3", "output"], "init_channel": 16, "blck_len": 5, "gt_accuracy": 0.9279999999999999, "pred_accuracy": 0.7041674852371216, "flops": 82.49409, "est_code": [2.100658416748047, 1.9803255796432495, 1.9268349409103394], "est_accuracy": -1, "confidence": 1}