{"id": 7494, "adj_matrix": [[0, 1, 0, 1, 0, 0, 1, 0, 0, 0], [0, 0, 1, 0, 0, 0, 0, 0, 0, 0], [0, 0, 0, 0, 1, 0, 0, 1, 0, 0], [0, 0, 0, 0, 0, 1, 0, 0, 0, 0], [0, 0, 0, 0, 0, 1, 0, 0, 0, 0], [0, 0, 0, 0, 0, 0, 0, 0, 1, 0], [0, 0, 0, 0, 0, 0, 0, 0, 0, 1], [0, 0, 0, 0, 0, 0, 0, 0, 0, 1], [0, 0, 0, 0, 0, 0, 0, 0, 0, 1], [0, 0, 0, 0, 0, 0, 0, 0, 0, 0]], "operations": ["split_3", "nor_conv_3x3", "split_2", "nor_conv_1x1", "avg_pool_3x3", "none", "nor_conv_1x1", "nor_conv_3x3", "avg_pool_3x3", "output"], "init_channel": 16, "blck_len": 5, "gt_accuracy": 0.9286, "pred_accuracy": 0.6444798707962036, "flops": 86.42625, "est_code": [2.0322396755218506, 1.885547399520874, 1.8030258417129517], "est_accuracy": -1, "confidence": 1}