{"id": 7590, "adj_matrix": [[0, 1, 0, 1, 0, 0, 1, 0, 0, 0], [0, 0, 1, 0, 0, 0, 0, 0, 0, 0], [0, 0, 0, 0, 1, 0, 0, 1, 0, 0], [0, 0, 0, 0, 0, 1, 0, 0, 0, 0], [0, 0, 0, 0, 0, 1, 0, 0, 0, 0], [0, 0, 0, 0, 0, 0, 0, 0, 1, 0], [0, 0, 0, 0, 0, 0, 0, 0, 0, 1], [0, 0, 0, 0, 0, 0, 0, 0, 0, 1], [0, 0, 0, 0, 0, 0, 0, 0, 0, 1], [0, 0, 0, 0, 0, 0, 0, 0, 0, 0]], "operations": ["split_3", "zeros", "split_2", "nor_conv_3x3", "avg_pool_3x3", "none", "nor_conv_3x3", "nor_conv_1x1", "skip_connect", "output"], "init_channel": 16, "blck_len": 5, "gt_accuracy": 0.9211, "pred_accuracy": 0.903030514717102, "flops": 82.49409, "est_code": [1.9999845027923584, 1.876392126083374, 1.7805060148239136], "est_accuracy": -1, "confidence": 1}