{"id": 7777, "adj_matrix": [[0, 1, 0, 1, 0, 0, 1, 0, 0, 0], [0, 0, 1, 0, 0, 0, 0, 0, 0, 0], [0, 0, 0, 0, 1, 0, 0, 1, 0, 0], [0, 0, 0, 0, 0, 1, 0, 0, 0, 0], [0, 0, 0, 0, 0, 1, 0, 0, 0, 0], [0, 0, 0, 0, 0, 0, 0, 0, 1, 0], [0, 0, 0, 0, 0, 0, 0, 0, 0, 1], [0, 0, 0, 0, 0, 0, 0, 0, 0, 1], [0, 0, 0, 0, 0, 0, 0, 0, 0, 1], [0, 0, 0, 0, 0, 0, 0, 0, 0, 0]], "operations": ["split_3", "nor_conv_3x3", "split_2", "skip_connect", "skip_connect", "none", "avg_pool_3x3", "nor_conv_3x3", "skip_connect", "output"], "init_channel": 16, "blck_len": 5, "gt_accuracy": 0.8995000000000001, "pred_accuracy": 0.7361041903495789, "flops": 78.56193, "est_code": [2.0945751667022705, 1.982289433479309, 1.9266226291656494], "est_accuracy": -1, "confidence": 1}