{"id": 7859, "adj_matrix": [[0, 1, 0, 1, 0, 0, 1, 0, 0, 0], [0, 0, 1, 0, 0, 0, 0, 0, 0, 0], [0, 0, 0, 0, 1, 0, 0, 1, 0, 0], [0, 0, 0, 0, 0, 1, 0, 0, 0, 0], [0, 0, 0, 0, 0, 1, 0, 0, 0, 0], [0, 0, 0, 0, 0, 0, 0, 0, 1, 0], [0, 0, 0, 0, 0, 0, 0, 0, 0, 1], [0, 0, 0, 0, 0, 0, 0, 0, 0, 1], [0, 0, 0, 0, 0, 0, 0, 0, 0, 1], [0, 0, 0, 0, 0, 0, 0, 0, 0, 0]], "operations": ["split_3", "skip_connect", "split_2", "avg_pool_3x3", "zeros", "none", "zeros", "nor_conv_1x1", "zeros", "output"], "init_channel": 16, "blck_len": 5, "gt_accuracy": 0.887, "pred_accuracy": 0.6896591186523438, "flops": 11.71521, "est_code": [2.0673069953918457, 1.8697848320007324, 1.7881759405136108], "est_accuracy": -1, "confidence": 1}