{"id": 8085, "adj_matrix": [[0, 1, 0, 1, 0, 0, 1, 0, 0, 0], [0, 0, 1, 0, 0, 0, 0, 0, 0, 0], [0, 0, 0, 0, 1, 0, 0, 1, 0, 0], [0, 0, 0, 0, 0, 1, 0, 0, 0, 0], [0, 0, 0, 0, 0, 1, 0, 0, 0, 0], [0, 0, 0, 0, 0, 0, 0, 0, 1, 0], [0, 0, 0, 0, 0, 0, 0, 0, 0, 1], [0, 0, 0, 0, 0, 0, 0, 0, 0, 1], [0, 0, 0, 0, 0, 0, 0, 0, 0, 1], [0, 0, 0, 0, 0, 0, 0, 0, 0, 0]], "operations": ["split_3", "nor_conv_1x1", "split_2", "nor_conv_3x3", "nor_conv_1x1", "none", "nor_conv_1x1", "nor_conv_3x3", "skip_connect", "output"], "init_channel": 16, "blck_len": 5, "gt_accuracy": 0.9295, "pred_accuracy": 0.8902612924575806, "flops": 90.35841, "est_code": [2.0503861904144287, 1.8816168308258057, 1.7848596572875977], "est_accuracy": -1, "confidence": 1}