{"id": 8186, "adj_matrix": [[0, 1, 0, 1, 0, 0, 1, 0, 0, 0], [0, 0, 1, 0, 0, 0, 0, 0, 0, 0], [0, 0, 0, 0, 1, 0, 0, 1, 0, 0], [0, 0, 0, 0, 0, 1, 0, 0, 0, 0], [0, 0, 0, 0, 0, 1, 0, 0, 0, 0], [0, 0, 0, 0, 0, 0, 0, 0, 1, 0], [0, 0, 0, 0, 0, 0, 0, 0, 0, 1], [0, 0, 0, 0, 0, 0, 0, 0, 0, 1], [0, 0, 0, 0, 0, 0, 0, 0, 0, 1], [0, 0, 0, 0, 0, 0, 0, 0, 0, 0]], "operations": ["split_3", "zeros", "split_2", "avg_pool_3x3", "avg_pool_3x3", "none", "zeros", "nor_conv_1x1", "nor_conv_3x3", "output"], "init_channel": 16, "blck_len": 5, "gt_accuracy": 0.848, "pred_accuracy": 0.7290117740631104, "flops": 47.10465, "est_code": [2.061551332473755, 1.9204119443893433, 1.8412927389144897], "est_accuracy": -1, "confidence": 1}