{"id": 8274, "adj_matrix": [[0, 1, 0, 1, 0, 0, 1, 0, 0, 0], [0, 0, 1, 0, 0, 0, 0, 0, 0, 0], [0, 0, 0, 0, 1, 0, 0, 1, 0, 0], [0, 0, 0, 0, 0, 1, 0, 0, 0, 0], [0, 0, 0, 0, 0, 1, 0, 0, 0, 0], [0, 0, 0, 0, 0, 0, 0, 0, 1, 0], [0, 0, 0, 0, 0, 0, 0, 0, 0, 1], [0, 0, 0, 0, 0, 0, 0, 0, 0, 1], [0, 0, 0, 0, 0, 0, 0, 0, 0, 1], [0, 0, 0, 0, 0, 0, 0, 0, 0, 0]], "operations": ["split_3", "zeros", "split_2", "skip_connect", "avg_pool_3x3", "none", "zeros", "skip_connect", "zeros", "output"], "init_channel": 16, "blck_len": 5, "gt_accuracy": 0.1, "pred_accuracy": 0.6754257082939148, "flops": 7.78305, "est_code": [2.009373188018799, 1.8556232452392578, 1.7931714057922363], "est_accuracy": -1, "confidence": 1}