{"id": 8637, "adj_matrix": [[0, 1, 0, 1, 0, 0, 1, 0, 0, 0], [0, 0, 1, 0, 0, 0, 0, 0, 0, 0], [0, 0, 0, 0, 1, 0, 0, 1, 0, 0], [0, 0, 0, 0, 0, 1, 0, 0, 0, 0], [0, 0, 0, 0, 0, 1, 0, 0, 0, 0], [0, 0, 0, 0, 0, 0, 0, 0, 1, 0], [0, 0, 0, 0, 0, 0, 0, 0, 0, 1], [0, 0, 0, 0, 0, 0, 0, 0, 0, 1], [0, 0, 0, 0, 0, 0, 0, 0, 0, 1], [0, 0, 0, 0, 0, 0, 0, 0, 0, 0]], "operations": ["split_3", "nor_conv_1x1", "split_2", "nor_conv_3x3", "zeros", "none", "avg_pool_3x3", "avg_pool_3x3", "zeros", "output"], "init_channel": 16, "blck_len": 5, "gt_accuracy": 0.8734000000000001, "pred_accuracy": 0.6061802506446838, "flops": 47.10465, "est_code": [2.1499948501586914, 2.0227601528167725, 1.9761223793029785], "est_accuracy": -1, "confidence": 1}