{"id": 8773, "adj_matrix": [[0, 1, 0, 1, 0, 0, 1, 0, 0, 0], [0, 0, 1, 0, 0, 0, 0, 0, 0, 0], [0, 0, 0, 0, 1, 0, 0, 1, 0, 0], [0, 0, 0, 0, 0, 1, 0, 0, 0, 0], [0, 0, 0, 0, 0, 1, 0, 0, 0, 0], [0, 0, 0, 0, 0, 0, 0, 0, 1, 0], [0, 0, 0, 0, 0, 0, 0, 0, 0, 1], [0, 0, 0, 0, 0, 0, 0, 0, 0, 1], [0, 0, 0, 0, 0, 0, 0, 0, 0, 1], [0, 0, 0, 0, 0, 0, 0, 0, 0, 0]], "operations": ["split_3", "nor_conv_1x1", "split_2", "nor_conv_3x3", "nor_conv_1x1", "none", "avg_pool_3x3", "nor_conv_3x3", "zeros", "output"], "init_channel": 16, "blck_len": 5, "gt_accuracy": 0.9126000000000001, "pred_accuracy": 0.7620363831520081, "flops": 86.42625, "est_code": [2.103184461593628, 1.9473388195037842, 1.9019473791122437], "est_accuracy": -1, "confidence": 1}