{"id": 9067, "adj_matrix": [[0, 1, 0, 1, 0, 0, 1, 0, 0, 0], [0, 0, 1, 0, 0, 0, 0, 0, 0, 0], [0, 0, 0, 0, 1, 0, 0, 1, 0, 0], [0, 0, 0, 0, 0, 1, 0, 0, 0, 0], [0, 0, 0, 0, 0, 1, 0, 0, 0, 0], [0, 0, 0, 0, 0, 0, 0, 0, 1, 0], [0, 0, 0, 0, 0, 0, 0, 0, 0, 1], [0, 0, 0, 0, 0, 0, 0, 0, 0, 1], [0, 0, 0, 0, 0, 0, 0, 0, 0, 1], [0, 0, 0, 0, 0, 0, 0, 0, 0, 0]], "operations": ["split_3", "zeros", "split_2", "avg_pool_3x3", "nor_conv_3x3", "none", "nor_conv_1x1", "zeros", "zeros", "output"], "init_channel": 16, "blck_len": 5, "gt_accuracy": 0.8865999999999999, "pred_accuracy": 0.8970918655395508, "flops": 47.10465, "est_code": [2.0506865978240967, 1.8738974332809448, 1.776456356048584], "est_accuracy": -1, "confidence": 1}