{"id": 9370, "adj_matrix": [[0, 1, 0, 1, 0, 0, 1, 0, 0, 0], [0, 0, 1, 0, 0, 0, 0, 0, 0, 0], [0, 0, 0, 0, 1, 0, 0, 1, 0, 0], [0, 0, 0, 0, 0, 1, 0, 0, 0, 0], [0, 0, 0, 0, 0, 1, 0, 0, 0, 0], [0, 0, 0, 0, 0, 0, 0, 0, 1, 0], [0, 0, 0, 0, 0, 0, 0, 0, 0, 1], [0, 0, 0, 0, 0, 0, 0, 0, 0, 1], [0, 0, 0, 0, 0, 0, 0, 0, 0, 1], [0, 0, 0, 0, 0, 0, 0, 0, 0, 0]], "operations": ["split_3", "zeros", "split_2", "skip_connect", "skip_connect", "none", "nor_conv_3x3", "nor_conv_3x3", "nor_conv_1x1", "output"], "init_channel": 16, "blck_len": 5, "gt_accuracy": 0.9239, "pred_accuracy": 0.7490373849868774, "flops": 82.49409, "est_code": [2.0262837409973145, 1.85988187789917, 1.76328706741333], "est_accuracy": -1, "confidence": 1}