{"id": 9534, "adj_matrix": [[0, 1, 0, 1, 0, 0, 1, 0, 0, 0], [0, 0, 1, 0, 0, 0, 0, 0, 0, 0], [0, 0, 0, 0, 1, 0, 0, 1, 0, 0], [0, 0, 0, 0, 0, 1, 0, 0, 0, 0], [0, 0, 0, 0, 0, 1, 0, 0, 0, 0], [0, 0, 0, 0, 0, 0, 0, 0, 1, 0], [0, 0, 0, 0, 0, 0, 0, 0, 0, 1], [0, 0, 0, 0, 0, 0, 0, 0, 0, 1], [0, 0, 0, 0, 0, 0, 0, 0, 0, 1], [0, 0, 0, 0, 0, 0, 0, 0, 0, 0]], "operations": ["split_3", "nor_conv_3x3", "split_2", "avg_pool_3x3", "nor_conv_1x1", "none", "skip_connect", "zeros", "skip_connect", "output"], "init_channel": 16, "blck_len": 5, "gt_accuracy": 0.904, "pred_accuracy": 0.6847476363182068, "flops": 47.10465, "est_code": [2.121077299118042, 2.000183343887329, 1.9586056470870972], "est_accuracy": -1, "confidence": 1}