{"id": 9758, "adj_matrix": [[0, 1, 0, 1, 0, 0, 1, 0, 0, 0], [0, 0, 1, 0, 0, 0, 0, 0, 0, 0], [0, 0, 0, 0, 1, 0, 0, 1, 0, 0], [0, 0, 0, 0, 0, 1, 0, 0, 0, 0], [0, 0, 0, 0, 0, 1, 0, 0, 0, 0], [0, 0, 0, 0, 0, 0, 0, 0, 1, 0], [0, 0, 0, 0, 0, 0, 0, 0, 0, 1], [0, 0, 0, 0, 0, 0, 0, 0, 0, 1], [0, 0, 0, 0, 0, 0, 0, 0, 0, 1], [0, 0, 0, 0, 0, 0, 0, 0, 0, 0]], "operations": ["split_3", "nor_conv_3x3", "split_2", "skip_connect", "avg_pool_3x3", "none", "nor_conv_1x1", "skip_connect", "zeros", "output"], "init_channel": 16, "blck_len": 5, "gt_accuracy": 0.92, "pred_accuracy": 0.8933216333389282, "flops": 47.10465, "est_code": [2.030181407928467, 1.873180866241455, 1.7818235158920288], "est_accuracy": -1, "confidence": 1}